Preference,angry,disgust,fear,happy,neutral,sad,surprise
Esporte,0,1.777777778,0.6666666667,31.22222222,13,0.4444444444,0.6666666667
Comida,0,1.555555556,0.1111111111,14.22222222,4.777777778,0.3333333333,0.1111111111
Música,0,2.555555556,0,9.444444444,5,0.1111111111,0
