deviations,emotionCount,numberWord,sucRate,time2ans
2.1,46,5.8,0.7029411089,14.2
4.1,36.5,4,0.7227124363,18
2.5,34.9,4.9,0.6203347999,14.6
