class,knn_hst,knn_pxl,mlp_hst,mlp_pxl,svm_hst,svm_pxl,ensemble_hst,ensemble_pxl,ensemble_all
0,0_1.0,0_1.0,0_0.999532480817,1_0.373352511777,0_0.976998861317,0_0.961446288026,0_1.0,0_0.666666666667,0_0.833333333333
