class,knn_hst,knn_pxl,mlp_hst,mlp_pxl,svm_hst,svm_pxl,ensemble_hst,ensemble_pxl,ensemble_all
e,2_0.8,0_1.0,0_0.981097733337,0_0.4104868552,0_0.785336845654,0_0.961194131752,0_0.666666666667,0_1.0,0_0.833333333333
