class,knn_hst,knn_pxl,mlp_hst,mlp_pxl,svm_hst,svm_pxl,ensemble_hst,ensemble_pxl,ensemble_all
0,0_1.0,0_1.0,0_0.9986968847,2_0.967118652131,0_0.96293778609,0_0.973956142632,0_1.0,0_0.666666666667,0_0.833333333333
