class,knn_hst,knn_pxl,mlp_hst,mlp_pxl,svm_hst,svm_pxl,ensemble_hst,ensemble_pxl,ensemble_all
0,0_1.0,0_1.0,0_0.999430458535,0_1.0,0_0.956435936893,0_0.981139342571,0_1.0,0_1.0,0_1.0
0,0_1.0,0_1.0,0_0.994718541471,0_1.0,0_0.857885894774,0_0.962666641497,0_1.0,0_1.0,0_1.0
0,0_1.0,0_1.0,0_0.99988422138,0_1.0,0_0.989743327152,0_0.974545571526,0_1.0,0_1.0,0_1.0
0,0_1.0,0_1.0,0_0.997044671238,0_1.0,0_0.89064020034,0_0.975698572184,0_1.0,0_1.0,0_1.0
