class,knn_hst,knn_pxl,mlp_hst,mlp_pxl,svm_hst,svm_pxl,ensemble_hst,ensemble_pxl,ensemble_all
0,2_0.6,0_1.0,0_0.996696265242,2_1.0,0_0.94668337815,0_0.979317657031,0_0.666666666667,0_0.666666666667,0_0.666666666667
0,2_0.6,0_1.0,0_0.996456630405,2_1.0,0_0.943785403771,0_0.978831396999,0_0.666666666667,0_0.666666666667,0_0.666666666667
