Classifier,Approach,Accuracy
KNN,pxl,0.9777777778
KNN,hst,0.9777777778
MLP,pxl,0.3333333333
MLP,hst,0.9777777778
SVM,pxl,1
SVM,hst,0.9888888889
ENS,pxl,0.9777777778
ENS,hst,0.9777777778
ENS,all,0.9888888889
